Sandra Street 12137,+7 598 096 0000,215.166.39.137,1
Lartigue Lane 2417,+86 432 093 0066,56.28.107.228,2
1827 Grimball Avenue,+1 018 064 0010,203.16.189.131,3
Sara Street 4787,+52 548 039 0006,116.206.103.222,4
Jameson Loop 14402,+98 297 084 0052,244.233.159.2,5
Gammon Court 8988,+46 960 099 0027,253.235.204.253,6
French Oak Avenue 8001,+62 339 065 0021,143.147.25.230,7
Sanwald Street 13511,+351 878 019 0059,154.103.87.7,8
14051 Diane Street,+1 434 026 0074,124.229.4.14,9
Creekside Drive 6491,+54 677 001 0055,98.251.205.139,10
Gracie Lane 5777,+241 649 026 0022,97.35.236.250,11
Horvat Lane 11776,+81 372 000 0072,132.28.251.255,12
Ehrhardt Place 14393,+62 714 001 0030,142.33.111.205,13
Jaguar Court 3724,+57 988 084 0071,96.22.188.163,14
Hanlon Terrace 9616,+358 117 050 0044,5.170.88.252,15
Sullivan Street 272,+234 110 068 0055,28.92.90.96,16
Garza Place 12214,+84 338 072 0099,131.32.169.49,17
Veranda Place 11713,+86 898 082 0076,188.61.204.178,18
Bessie Way 5860,+970 888 012 0002,68.183.129.97,19
Logan Street 8235,+7 650 085 0029,168.52.49.125,20
Sumner Loop 6916,+81 185 018 0085,40.163.148.113,21
Kauska Way 7862,+62 597 077 0000,160.18.156.129,22
Winn Way 12680,+86 065 070 0099,251.100.121.181,23
Sweetgum Street 4462,+86 925 054 0094,19.31.120.16,24
Jackson Street 5340,+94 279 012 0053,11.196.153.28,25
Almeria Street 943,+86 930 025 0053,205.88.34.71,26
Dempsey Lane 9555,+63 047 058 0080,52.170.224.198,27
Margarita Drive 14892,+880 058 092 0038,16.4.133.95,28
Guadalupe Court 14425,+86 037 054 0039,36.57.215.0,29
Jarboe Avenue 5223,+62 041 020 0024,226.219.160.88,30
Seth Run 4063,+86 425 098 0047,209.119.222.232,31
Sprowles Terrace 13727,+63 145 090 0054,212.77.148.244,32
San Jose Place 9783,+86 321 043 0097,104.115.117.253,33
Kaolin Path 5099,+86 674 004 0091,93.24.53.41,34
Snelling Avenue 12201,+355 998 027 0067,25.154.128.8,35
Hemstead Road 8269,+33 219 072 0013,52.171.91.233,36
Reed Terrace 6046,+7 366 022 0033,102.94.205.185,37
Pleasant View Place 6893,+54 179 037 0089,238.164.59.31,38
Currie Court 2753,+63 503 043 0034,107.167.253.140,39
Statesburg Street 2939,+81 711 023 0078,242.194.123.211,40
Ambrosia Place 13192,+380 415 072 0009,118.123.215.36,41
Sassparilla Way 3915,+7 738 029 0023,185.233.28.77,42
Countrywind Court 10441,+84 054 086 0048,171.5.99.170,43
Cassady Way 520,+30 873 007 0092,21.2.43.211,44
Tupper Court 4012,+62 329 010 0039,187.87.108.236,45
Fernandes Court 6518,+86 367 096 0079,144.87.242.107,46
Coults Circle 3416,+63 115 001 0021,79.194.34.106,47
Grapeland Street 12851,+507 223 032 0011,138.83.187.190,48
Davey Lane 234,+48 808 091 0061,56.69.3.85,49
Greenhill Trail 10172,+45 017 065 0054,241.233.96.235,50
Charity Loop 3688,+218 390 019 0056,222.191.119.105,51
Ashley Street 5647,+993 506 075 0072,76.3.112.7,52
5799 Cherry Creek Way,+1 052 059 0006,43.236.95.116,53
Earl Way 10386,+81 210 047 0069,83.228.242.190,54
Archer Avenue 3934,+7 915 068 0089,112.189.200.236,55
Quelly Road 9753,+1 175 005 0056,180.78.236.228,56
Govan Place 6516,+86 391 048 0012,167.46.158.135,57
Dove Hollow Run 4310,+7 831 089 0018,208.1.206.170,58
Kierstin Court 6545,+62 901 031 0043,175.22.197.251,59
Holly Lane 109,+7 049 074 0019,193.157.203.18,60
Charity Loop 5591,+27 708 056 0031,82.187.158.100,61
Mackintosh Court 4374,+86 313 056 0081,156.180.32.156,62
Gaucho Way 12327,+62 762 088 0008,27.44.254.50,63
Trudy Terrace 196,+81 860 069 0028,43.128.9.27,64
Castillo Drive 10727,+56 956 027 0086,111.33.221.152,65
Bureau Path 6901,+351 732 099 0002,30.0.225.87,66
Saddlebrook Circle 8295,+62 676 044 0032,63.130.116.68,67
14196 Barraw Terrace,+1 860 000 0013,80.30.128.74,68
Detwiler Lane 12708,+63 996 059 0063,185.153.95.251,69
Del Mar Drive 14840,+63 506 051 0088,102.20.202.91,70
Catalani Lane 5977,+55 568 099 0013,249.129.87.30,71
Orient Avenue 3796,+36 400 043 0072,114.43.10.122,72
Alan Avenue 7567,+66 917 089 0080,182.14.99.8,73
Rivera Road 1769,+62 575 002 0024,30.96.230.129,74
Boudreau Circle 13003,+63 402 090 0024,113.99.13.246,75
Sevilla Place 8635,+255 296 007 0058,181.233.92.92,76
Ainsworth Circle 10284,+86 873 044 0047,155.103.164.12,77
Toby Terrace 1656,+86 639 057 0030,155.188.23.146,78
Teresa Terrace 5383,+20 332 046 0045,137.2.0.109,79
Salerno Lane 9818,+86 487 014 0036,79.37.153.150,80
Carlton Lane 10950,+351 942 090 0079,83.74.80.59,81
Flamingo Place 5087,+86 232 090 0020,250.202.205.130,82
Royal Palm Avenue 8653,+86 781 043 0098,67.87.104.164,83
Saffron Lane 14011,+95 329 080 0092,209.160.5.94,84
Lape Lane 14456,+371 237 003 0079,131.102.169.213,85
Belcherry Loop 8390,+60 592 051 0033,49.189.182.30,86
Blueberry Way 12415,+55 867 030 0034,215.215.148.160,87
Glenarden Path 13485,+261 714 018 0047,122.217.169.80,88
Oak Grove Lane 1437,+381 696 073 0018,21.172.123.239,89
Yemassee Loop 11251,+33 382 074 0071,161.146.90.152,90
Fillmore Place 1804,+86 183 088 0095,142.231.237.98,91
Knoll Place 13338,+62 205 061 0020,198.159.7.234,92
Tipton Lane 8378,+225 465 052 0055,163.214.240.71,93
Black Bear Lane 12792,+375 769 009 0006,36.103.95.104,94
Kauska Way 7160,+62 754 012 0083,28.22.142.222,95
Wren Street 12794,+81 543 023 0000,90.80.153.76,96
Deskin Lane 9772,+7 564 075 0043,145.17.93.76,97
Merrill Lane 13025,+58 138 095 0001,142.79.216.247,98
Tupper Court 4964,+7 080 071 0037,204.125.104.185,99
Beebe Court 2829,+46 027 071 0004,18.213.148.215,100
